{
  "name": "Travel Advisory Monitor",
  "nodes": [
    {
      "parameters": {
        "content": "## Travel Advisory Monitor",
        "height": 520,
        "width": 1100
      },
      "id": "ab9739ac-4194-4e32-9620-3923fc24f2f9",
      "name": "Sticky",
      "type": "n8n-nodes-base.stickyNote",
      "typeVersion": 1,
      "position": [
        -500,
        -250
      ]
    },
    {
      "parameters": {
        "httpMethod": "POST",
        "path": "travel_advisory_monitor"
      },
      "id": "4af6e847-4430-45f0-9e76-a94d9e9a28ab",
      "name": "Webhook",
      "type": "n8n-nodes-base.webhook",
      "typeVersion": 1,
      "position": [
        -300,
        0
      ]
    },
    {
      "parameters": {
        "chunkSize": 400,
        "chunkOverlap": 40
      },
      "id": "c463d22d-a263-4490-8884-8fd4856e0d60",
      "name": "Splitter",
      "type": "@n8n/n8n-nodes-langchain.textSplitterCharacterTextSplitter",
      "typeVersion": 1,
      "position": [
        -100,
        0
      ]
    },
    {
      "parameters": {
        "model": "default"
      },
      "id": "5b0691eb-bc7d-4ffa-b631-3716aa36828b",
      "name": "Embeddings",
      "type": "@n8n/n8n-nodes-langchain.embeddingsOpenAi",
      "typeVersion": 1,
      "position": [
        100,
        0
      ],
      "credentials": {
        "openAiApi": {
          "id": "OPENAI_API",
          "name": "OpenAI"
        }
      }
    },
    {
      "parameters": {
        "mode": "insert",
        "indexName": "travel_advisory_monitor"
      },
      "id": "8ca39aa9-31f3-4bde-ae95-5e227e459d47",
      "name": "Insert",
      "type": "@n8n/n8n-nodes-langchain.vectorStorePinecone",
      "typeVersion": 1,
      "position": [
        300,
        0
      ],
      "credentials": {
        "pineconeApi": {
          "id": "PINECONE_API",
          "name": "Pinecone account"
        }
      }
    },
    {
      "parameters": {
        "indexName": "travel_advisory_monitor"
      },
      "id": "9bcc8bb2-006a-4721-9120-96c8263a099b",
      "name": "Query",
      "type": "@n8n/n8n-nodes-langchain.vectorStorePinecone",
      "typeVersion": 1,
      "position": [
        300,
        -180
      ],
      "credentials": {
        "pineconeApi": {
          "id": "PINECONE_API",
          "name": "Pinecone account"
        }
      }
    },
    {
      "parameters": {
        "name": "Pinecone"
      },
      "id": "47c1e1d1-5771-4cd6-a9b6-b6cac851ff55",
      "name": "Tool",
      "type": "@n8n/n8n-nodes-langchain.toolVectorStore",
      "typeVersion": 1,
      "position": [
        480,
        -180
      ]
    },
    {
      "parameters": {},
      "id": "a7f34fd8-dd43-4232-b0f8-833ce967451b",
      "name": "Memory",
      "type": "@n8n/n8n-nodes-langchain.memoryBufferWindow",
      "typeVersion": 1.3,
      "position": [
        480,
        -40
      ]
    },
    {
      "parameters": {},
      "id": "0097de3e-b28f-4a5a-a943-97f6e1a0f19c",
      "name": "Chat",
      "type": "@n8n/n8n-nodes-langchain.lmChatAnthropic",
      "typeVersion": 1,
      "position": [
        480,
        -340
      ],
      "credentials": {
        "anthropicApi": {
          "id": "ANTHROPIC_API",
          "name": "Anthropic"
        }
      }
    },
    {
      "parameters": {
        "promptType": "define",
        "text": "={{ $json }}"
      },
      "id": "47b6fa5a-7a44-4cbc-9f53-7d1acaf88246",
      "name": "Agent",
      "type": "@n8n/n8n-nodes-langchain.agent",
      "typeVersion": 1,
      "position": [
        760,
        -40
      ]
    },
    {
      "parameters": {
        "operation": "append",
        "documentId": "SHEET_ID",
        "sheetName": "Log"
      },
      "id": "0c99e1db-e004-4ea3-92cb-8c2234654b47",
      "name": "Sheet",
      "type": "n8n-nodes-base.googleSheets",
      "typeVersion": 4,
      "position": [
        960,
        -40
      ],
      "credentials": {
        "googleSheetsOAuth2Api": {
          "id": "SHEETS_API",
          "name": "Sheets"
        }
      }
    }
  ],
  "connections": {
    "Webhook": {
      "main": [
        [
          {
            "node": "Splitter",
            "type": "main",
            "index": 0
          },
          {
            "node": "Memory",
            "type": "main",
            "index": 0
          }
        ]
      ]
    },
    "Splitter": {
      "main": [
        [
          {
            "node": "Embeddings",
            "type": "main",
            "index": 0
          }
        ]
      ],
      "ai_textSplitter": [
        [
          {
            "node": "Insert",
            "type": "ai_textSplitter",
            "index": 0
          }
        ]
      ]
    },
    "Embeddings": {
      "ai_embedding": [
        [
          {
            "node": "Insert",
            "type": "ai_embedding",
            "index": 0
          },
          {
            "node": "Query",
            "type": "ai_embedding",
            "index": 0
          }
        ]
      ]
    },
    "Insert": {
      "ai_document": [
        []
      ]
    },
    "Query": {
      "ai_vectorStore": [
        [
          {
            "node": "Tool",
            "type": "ai_vectorStore",
            "index": 0
          }
        ]
      ]
    },
    "Tool": {
      "ai_tool": [
        [
          {
            "node": "Agent",
            "type": "ai_tool",
            "index": 0
          }
        ]
      ]
    },
    "Memory": {
      "ai_memory": [
        [
          {
            "node": "Agent",
            "type": "ai_memory",
            "index": 0
          }
        ]
      ]
    },
    "Chat": {
      "ai_languageModel": [
        [
          {
            "node": "Agent",
            "type": "ai_languageModel",
            "index": 0
          }
        ]
      ]
    },
    "Agent": {
      "main": [
        [
          {
            "node": "Sheet",
            "type": "main",
            "index": 0
          }
        ]
      ]
    }
  },
  "settings": {
    "executionOrder": "v1"
  }
}